[
  {
    "P1": {
      "gender": "女",
      "name": "FL",
      "year": "23",
      "info": [
        {
          "id": 1,
          "status": 0,
          "time": 143,
          "description": "用户希望能看到AI的思考过程，而不是像盲盒一样。",
          "tag": [9],
          "second_tag": {
            "9": [1]
          },
          "user_said": "他要是能给我展现他思考的过程，不是一个盲盒就好。",
          "reason": "用户希望看到AI的思考过程，表明AI如何理解和执行用户提示存在问题。"
        },
        {
          "id": 2,
          "status": 0,
          "time": 188,
          "description": "用户遇到错误，但没有清晰的解释或指导如何解决。",
          "tag": [2],
          "second_tag": {
            "2": [1]
          },
          "user_said": "出错了。这为什么会报错呢？It’us, not you.",
          "reason": "用户遇到的错误没有清晰的解释，直接关系到系统错误信息的清晰度。"
        },
        {
          "id": 3,
          "status": 0,
          "time": 213,
          "description": "用户不确定是否需要重新生成他们的设计。",
          "tag": [2],
          "second_tag": {
            "2": [2]
          },
          "user_said": "我需要重新按一下generate吗？",
          "reason": "用户不确定是否需要重新生成设计，表明错误发生后缺乏反馈。"
        },
        {
          "id": 4,
          "status": 0,
          "time": 222,
          "description": "用户最初的提示消失了，导致困惑。",
          "tag": [3],
          "second_tag": {
            "3": [1]
          },
          "user_said": "我原来的prompt去哪了？",
          "reason": "用户最初的提示消失造成了对过程的困惑。"
        },
        {
          "id": 5,
          "status": 0,
          "time": 299,
          "description": "用户期望的图片没有出现，存在图片加载问题。",
          "tag": [5],
          "second_tag": {
            "5": [2]
          },
          "user_said": "我的树不见了。怎么会这样？图片加载不出来。这么好用的吗？",
          "reason": "图片无法加载的问题指向了系统可靠性的问题。"
        },
        {
          "id": 6,
          "status": 0,
          "time": 357,
          "description": "用户想知道在内容生成时是否可以执行其他操作。",
          "tag": [3],
          "second_tag": {
            "3": [1]
          },
          "user_said": "现在生成着可以做别的吗？",
          "reason": "用户在内容生成时是否可以执行其他操作的疑问表明了工作流程的不确定性。"
        },
        {
          "id": 7,
          "status": 0,
          "time": 379,
          "description": "参与者寻找吸引人的字体选项，似乎难以找到。",
          "tag": [1],
          "second_tag": {
            "1": [4]
          },
          "user_said": "所以说它可以给我一些字体。给我一个比较好看的字体。有吗？",
          "reason": "看似设计没有提供轻松访问理想选项的功能，可能是因为界面被不太有用的选项填满。"
        },
        {
          "id": 8,
          "status": 0,
          "time": 443,
          "description": "用户希望更改设计的某个方面，但似乎难以使用工具。",
          "tag": [4],
          "second_tag": {
            "4": [1]
          },
          "user_said": "圆一点。重新生成，不想要这个了。",
          "reason": "用户在更改设计方面时的困难表明了选择和编辑设计元素存在问题。"
        },
        {
          "id": 9,
          "status": 0,
          "time": 478,
          "description": "用户不确定他们的设计生成是否成功。",
          "tag": [2],
          "second_tag": {
            "2": [2]
          },
          "user_said": "不知道他有没有生成成功。",
          "reason": "对设计生成是否成功的不确定性标志着缺乏充分的反馈。"
        },
        {
          "id": 10,
          "status": 0,
          "time": 559,
          "description": "用户注意到他们之前的设计没有被保存。",
          "tag": [3],
          "second_tag": {
            "3": [2]
          },
          "user_said": "看起来他没有办法保存我上一次生成的东西。",
          "reason": "无法保存之前的设计表明了工作流程中步骤恢复的问题。"
        },
        {
          "id": 11,
          "status": 0,
          "time": 665,
          "description": "用户在做出选择后无法回到之前的步骤。",
          "tag": [3],
          "second_tag": {
            "3": [2]
          },
          "user_said": "是不是选了一个他就没办法返回上一层了呀？",
          "reason": "在选择后无法返回到之前的步骤表明了步骤恢复存在问题。"
        },
        {
          "id": 12,
          "status": 0,
          "time": 996,
          "description": "用户在寻找语法检查功能。",
          "tag": [1],
          "second_tag": {
            "1": [3]
          },
          "user_said": "secret，有没有检查语法的？secret，不太对。",
          "reason": "缺少语法检查功能反映了功能完整性的问题。"
        },
        {
          "id": 13,
          "status": 0,
          "time": 1091,
          "description": "用户努力改变文本的颜色。",
          "tag": [4],
          "second_tag": {
            "4": [2]
          },
          "user_said": "字母的颜色怎么换呢？",
          "reason": "用户努力改变文本颜色表明了选项和工具可见性和可访问性的问题。"
        },
        {
          "id": 14,
          "status": 0,
          "time": 1181,
          "description": "用户发现局部更改的样式只有几种。",
          "tag": [8],
          "second_tag": {
            "8": [2]
          },
          "user_said": "所以它的局部更改就只有这三种。",
          "reason": "局部更改样式有限表明了工具在满足美学偏好方面的自定义和灵活性问题。"
        }
      ]
    }
  },
  {
    "P2": {
      "gender": "男",
      "name": "XJA",
      "year": "22",
      "info": [
        {
          "id": 1,
          "status": 0,
          "time": 67,
          "description": "用户希望创建一个矩形海报，但在设置期望的长宽比上似乎遇到了困难。",
          "tag": [8],
          "second_tag": {
            "8": [1]
          },
          "user_said": "The post should be a, The shape of the post should be a rectangle.",
          "reason": "参与者在为他们的设计设置期望的长宽比上遇到困难。"
        },
        {
          "id": 2,
          "status": 0,
          "time": 94,
          "description": "背景定制的困难",
          "tag": [1],
          "second_tag": {
            "1": [2]
          },
          "user_said": "我想想感觉那些背景东西不太好搞，所以元素那些后面加就行，但是要把背景的那些定死的东西给规定好。",
          "reason": "背景定制上的困难表明了在设计中处理图像时的挑战。"
        },
        {
          "id": 3,
          "status": 0,
          "time": 246,
          "description": "用户对第一次生成的结果不满意，似乎转而在Google上寻找图片，这表明在使用提供的工具实现期望结果时遇到困难。",
          "tag": [9],
          "second_tag": {
            "9": [1]
          },
          "user_said": "第一次生成的结果不是太行。",
          "reason": "对第一次生成结果的不满意可能意味着AI在解释设计提示方面存在问题。"
        },
        {
          "id": 4,
          "status": 0,
          "time": 377,
          "description": "用户对于交互后消失的UI元素感到困惑。",
          "tag": [4],
          "second_tag": {
            "4": [2]
          },
          "user_said": "这个还行，诶，点击了怎么就没了？",
          "reason": "用户对消失的UI元素感到困惑，表明存在可见性问题。"
        },
        {
          "id": 5,
          "status": 0,
          "time": 428,
          "description": "用户遇到错误信息，表示生成设计失败。",
          "tag": [2],
          "second_tag": {
            "2": [1]
          },
          "user_said": "Something’s wrong on your end. Please try again.",
          "reason": "用户遇到了模糊的错误信息，表明需要更清晰的信息。"
        },
        {
          "id": 6,
          "status": 0,
          "time": 466,
          "description": "用户注意到生成的设计元素没有整合成一个统一的整体。",
          "tag": [9],
          "second_tag": {
            "9": [2]
          },
          "user_said": "诶，那刚刚生成的图里面，就我第一次自己的描述好像更多的是一块一块的东西，就比如说我描述窗户，它生成的图里面有一个就只有窗户。然后我描述有圣诞老人，他又只是圣诞老人骑着雪橇。就它是完全分开的，割裂开来的，我的描述里面一小部分但没有成为一个整体。",
          "reason": "设计元素不协调，指向AI生成问题。"
        },
        {
          "id": 7,
          "status": 0,
          "time": 494,
          "description": "用户经历了系统的反复失败。",
          "tag": [5],
          "second_tag": {
            "5": [2]
          },
          "user_said": "Ok，诶，还失败了？",
          "reason": "反复的系统失败中断了工作流程。"
        },
        {
          "id": 8,
          "status": 0,
          "time": 557,
          "description": "系统在处理文本和参考图片时出现延迟。",
          "tag": [5],
          "second_tag": {
            "5": [1]
          },
          "user_said": "只有文字都卡，加上参考图就更加卡。",
          "reason": "添加文本和参考图片时出现延迟，表明性能问题。"
        },
        {
          "id": 9,
          "status": 0,
          "time": 840,
          "description": "在有效使用“去除背景”工具上遇到困难。",
          "tag": [1],
          "second_tag": {
            "1": [2]
          },
          "user_said": "Remove background。需要一个透明的。remove的效果很差，圣诞树失去了一半。",
          "reason": "用户在使用“去除背景”工具时遇到困难，显示出功能问题。"
        },
        {
          "id": 10,
          "status": 0,
          "time": 1056,
          "description": "用户希望得到颜色建议，这暗示工具没有为颜色选择提供足够的指导。",
          "tag": [4],
          "second_tag": {
            "4": [2]
          },
          "user_said": "能不能给我个推荐的颜色，他如果能给我一个推荐颜色就挺好。",
          "reason": "用户希望得到颜色建议，表明需要更明显或直观的选项。"
        },
        {
          "id": 11,
          "status": 0,
          "time": 1146,
          "description": "在生成活动地点时遇到困难。",
          "tag": [1],
          "second_tag": {
            "1": [3]
          },
          "user_said": "他生成的是一个层级的东西。创造America。",
          "reason": "在生成活动地点时遇到困难，表明某个功能缺失或不足。"
        },
        {
          "id": 12,
          "status": 0,
          "time": 1182,
          "description": "用户对在设计中添加文本的功能感到困惑。",
          "tag": [1],
          "second_tag": {
            "1": [1]
          },
          "user_said": "More ways to add text.",
          "reason": "对添加文本功能的困惑表明文本编辑功能存在问题。"
        },
        {
          "id": 13,
          "status": 0,
          "time": 1277,
          "description": "用户指出不同生成元素之间缺乏风格一致性，使整体设计显得支离破碎。",
          "tag": [9],
          "second_tag": {
            "9": [2]
          },
          "user_said": "风格不统一。",
          "reason": "风格不一致性表明AI在整合生成元素方面的困难。"
        },
        {
          "id": 14,
          "status": 0,
          "time": 1352,
          "description": "用户对设计中不同元素风格的不一致性感到沮丧。",
          "tag": [9],
          "second_tag": {
            "9": [2]
          },
          "user_said": "现在这样像这个拼贴的艺术，拼贴出来的一个海报，因为每一个小元素的风格都很不一样，就很奇怪。",
          "reason": "元素之间风格的不一致性凸显了AI元素整合方面的问题。"
        },
        {
          "id": 15,
          "status": 0,
          "time": 1434,
          "description": "生成的现实世界儿童元素不真实。",
          "tag": [9],
          "second_tag": {
            "9": [3]
          },
          "user_said": "那就混在一起，呀，这个，generate an image using the description， children in the real world opening gifts。这个太假，就是感觉还是刚刚那个问题，就是风格不一样。",
          "reason": "生成的儿童元素缺乏真实性，表明AI在风格匹配方面的问题。"
        },
        {
          "id": 16,
          "status": 0,
          "time": 1561,
          "description": "用户希望更改元素的方向，但不确定是否应该在AI生成期间或之后进行。",
          "tag": [9],
          "second_tag": {
            "9": [1]
          },
          "user_said": "我方向能改变就好，其实我想要让这只狗，小狗面朝着这边的，但我不知道这个应该是在AI生成的时候去做还是，还是应该是在，还是应该我自己去调整。",
          "reason": "不确定在AI生成期间或之后调整元素方向，表明需要更清晰的指导，了解AI如何解释关于方向的提示。"
        },
        {
          "id": 17,
          "status": 0,
          "time": 1663,
          "description": "用户因海报中的元素数量过多感到不知所措，并且努力使文本看起来有吸引力。",
          "tag": [4],
          "second_tag": {
            "4": [3]
          },
          "user_said": "一堆礼物，壁炉，因为没有空间放壁炉，也没有空间放餐桌。有雪景，有圣诞老人，好乱的海报！文字，文字不太好看。",
          "reason": "用户因设计中的元素过多而感到不知所措，并且努力使文本看起来有吸引力，这表明了对UI/UX的不满意。"
        }
      ]
    }
  },
  {
    "P3": {
      "gender": "女",
      "name": "XLN",
      "year": "27",
      "info": [
        {
          "id": 1,
          "status": 0,
          "time": 93,
          "description": "用户界面和体验问题",
          "second_tag": {
            "4": [3]
          },
          "user_said": "我觉得太搞笑，在树上飞，这真的可以吗？",
          "reason": "用户觉得幽默表明期望与设计输出之间的不匹配，影响了整体满意度。"
        },
        {
          "id": 2,
          "status": 0,
          "time": 172,
          "description": "用户对生成的设计表示失望，表明系统未能产生符合他们期望的结果。",
          "tag": [9],
          "second_tag": {
            "9": [1]
          },
          "user_said": "啊，噢！这也太不像了吧，也太不像了。",
          "reason": "AI未能正确理解用户的提示，导致AI输出不符合用户的期望。"
        },
        {
          "id": 3,
          "status": 0,
          "time": 184,
          "description": "用户对生成的结果不满，表明这些结果与期望不符。",
          "tag": [9],
          "second_tag": {
            "9": [2]
          },
          "user_said": "我选一个吧，这完全不一样。",
          "reason": "不满意源于AI生成的元素未能很好地整合或风格上与用户的期望不一致。"
        },
        {
          "id": 4,
          "status": 0,
          "time": 201,
          "description": "用户质疑是否因为输入中文所以输出也呈现中文。对语言输入影响输出感到困惑。",
          "tag": [6],
          "second_tag": {
            "6": [1]
          },
          "user_said": "但是我觉得是不是因为说的是中文的原因，所以这个海报全是中文的。",
          "reason": "用户不确定系统的输出是否受到使用中文的影响，这表明可能存在语言支持的问题。"
        },
        {
          "id": 5,
          "status": 0,
          "time": 308,
          "description": "用户指出设计中只包括雪人而没有圣诞老人。",
          "tag": [9],
          "second_tag": {
            "9": [1]
          },
          "user_said": "但它只有小雪人没有圣诞老人。",
          "reason": "设计中缺少圣诞老人表明AI未能识别并生成用户描述中的关键元素。"
        },
        {
          "id": 6,
          "status": 0,
          "time": 344,
          "description": "用户指出生成的树木与所期望的二维风格相比过于逼真。生成元素与期望的审美风格不一致。",
          "tag": [9],
          "second_tag": {
            "9": [3]
          },
          "user_said": "这些tree都好实物，就是非常实体，就是一点都不二维，和我这个整体的海报的这个不是很搭感觉。",
          "reason": "用户观察到树木相比于其预期的二维风格过于逼真，表明了AI在匹配所需风格方面的问题。"
        },
        {
          "id": 7,
          "status": 0,
          "time": 381,
          "description": "用户对“去除背景”功能未能如预期工作表示困扰。",
          "tag": [1],
          "second_tag": {
            "1": [2]
          },
          "user_said": "哦，去的很不智能诶，这后面就是羽化没有成功，还有好多噪点。",
          "reason": "“去除背景”工具未能如预期工作，留下了不想要的噪点，表明图像处理功能存在问题。"
        },
        {
          "id": 8,
          "status": 0,
          "time": 455,
          "description": "对生成的物品与其描述之间的关系感到困惑。",
          "tag": [9],
          "second_tag": {
            "9": [1]
          },
          "user_said": "额，挂在树上的礼物呢？试一下。还是没有，只有像树形的礼物。",
          "reason": "用户对生成物品与其描述之间的关系很困惑，表明AI未能正确解释提示。"
        },
        {
          "id": 9,
          "status": 0,
          "time": 503,
          "description": "用户寻找如何添加文本的方式，似乎需要帮助。",
          "tag": [3],
          "second_tag": {
            "3": [1]
          },
          "user_said": "想加一些文字，在哪。求助，啊哦，没有场外观众。其实它这儿有一些。",
          "reason": "用户在找到如何添加文本的方式上遇到困难，指出了软件中过程清晰度的问题。"
        },
        {
          "id": 10,
          "status": 0,
          "time": 587,
          "description": "所需字体不可用。",
          "tag": [1],
          "second_tag": {
            "1": [4]
          },
          "user_said": "其实都不是，没有我想要的字体。",
          "reason": "用户想要的特定字体不可用，表明软件提供的资产库有限制。"
        },
        {
          "id": 11,
          "status": 0,
          "time": 707,
          "description": "用户找不到学校的标志，这表明系统缺乏某些资产。系统中缺少特定内容，如学校标志。",
          "tag": [1],
          "second_tag": {
            "1": [4]
          },
          "user_said": "那看看有没有学校的logo。没有。",
          "reason": "找不到特定资产，如学校标志，表明资产可用性存在问题。"
        },
        {
          "id": 12,
          "status": 0,
          "time": 810,
          "description": "参与者对某个功能（去除图像背景）不满意，并且找不到纠正错误的方法。",
          "tag": [3],
          "second_tag": {
            "3": [2]
          },
          "user_said": "这个，看一下去掉背景是什么样的。啊，没了。只能回去。那不太行呀这个。",
          "reason": "用户在使用去除背景功能时遇到问题，并且无法轻松撤销操作或从错误中恢复。"
        },
        {
          "id": 13,
          "status": 0,
          "time": 867,
          "description": "用户对设计中出现意外元素的反应。",
          "tag": [4],
          "second_tag": {
            "4": [3]
          },
          "user_said": "怎么还有真人的圣诞老人，我也是服。",
          "reason": "对设计中意外元素的反应表明对用户满意度的负面影响。"
        },
        {
          "id": 14,
          "status": 0,
          "time": 881,
          "description": "存在导航问题。",
          "tag": [3],
          "second_tag": {
            "3": [1]
          },
          "user_said": "这咋回去呀？",
          "reason": "用户在返回之前的界面时遇到困难，表明导航过程缺乏清晰度。"
        },
        {
          "id": 15,
          "status": 0,
          "time": 914,
          "description": "最后表达的不满意表明整体体验未能满足用户的需求或期望。参与者以不满意的感觉结束任务。",
          "tag": [4],
          "second_tag": {
            "4": [3]
          },
          "user_said": "好了，虽然我觉得不是很满意，但是就这样吧！",
          "reason": "对工具能力或输出的不满意表明用户界面和体验存在问题。"
        }
      ]
    }
  },
  {
    "P4": {
      "gender": "女",
      "name": "ZSM",
      "year": "27",
      "info": [
        {
          "id": 1,
          "status": 0,
          "time": 74,
          "description": "用户对“candy cane”一词在中英文中都不确定，决定使用另一个工具进行查询。",
          "tag": [1],
          "second_tag": {
            "1": [4]
          },
          "user_said": "我可以用别的工具对吧。Ok，好吧。比如说我现在就想查一下这个东西到底叫什么，我直接用你的电脑查吧。",
          "reason": "用户不得不使用外部工具来搜索“candy cane”一词，这表明软件缺乏内部搜索或帮助功能来协助查找资产或术语。"
        },
        {
          "id": 2,
          "status": 0,
          "time": 108,
          "description": "用户对生成的元素不满意，需要重新生成，显示可能缺乏对如何修改或重做操作的控制或反馈。",
          "tag": [9],
          "second_tag": {
            "9": [1]
          },
          "user_said": "Candy cane. Ok然后我现在知道了他的英语之后，我要重新生成，因为他生出来的不太满意。哦，有一个是，有一个是拐杖糖。但是我需要有。",
          "reason": "用户对AI生成的元素不满意，表明AI没有准确解释用户的提示。"
        },
        {
          "id": 3,
          "status": 0,
          "time": 242,
          "description": "用户原本期望能够单独编辑元素（例如移除一个糖果手杖），但意识到设计是单一图像，导致混淆。",
          "tag": [4],
          "second_tag": {
            "4": [1]
          },
          "user_said": "Ok然后我刚刚的目的是为了点进来，我以为它是用素材拼接成的。对，我第一次使用这个软件，我以为它是拼接的，然后所以我准备进来把这个拐杖糖删掉一个，因为它是两个。",
          "reason": "用户期望编辑单独元素，但发现设计是单一图像，表明在选择和编辑特定元素方面存在问题。"
        },
        {
          "id": 4,
          "status": 0,
          "time": 257,
          "description": "用户在使用撤销功能时遇到困难，无法轻松退出当前交互。",
          "tag": [3],
          "second_tag": {
            "3": [2]
          },
          "user_said": "但是我进来发现它生成的是一张图，所以我放弃了，然后我把它退，这这是undo。Ok我不知道怎么退出。所以。",
          "reason": "使用撤销功能和退出当前交互的困难属于工作流程问题及其子类别中的步骤恢复。"
        },
        {
          "id": 5,
          "status": 0,
          "time": 287,
          "description": "在使用软件时表达了困难感，如“好难用”（很难使用），表明系统可能不直观或不易于交互。",
          "tag": [4],
          "second_tag": {
            "4": [3]
          },
          "user_said": "好难用。",
          "reason": "用户表达对软件直观性和易用性的挫败感，表明总体不满意度。"
        },
        {
          "id": 6,
          "status": 0,
          "time": 409,
          "description": "用户发现设计输出未将元素放置在期望的位置，并且不能同时提出两个要求。",
          "tag": [9],
          "second_tag": {
            "9": [1]
          },
          "user_said": "Ok然后我发现生成出来的结果那个merry christmas作为我的title并不能在我想要的位置，然后所以我发现还不如刚刚只输入说A candy can in the middle of a poster. 这种简单的就是可能我不能同时对他提出两个要求。",
          "reason": "AI没有按照用户的期望放置元素，并且无法处理多个要求，这与AI对提示的解释有关。"
        },
        {
          "id": 7,
          "status": 0,
          "time": 679,
          "description": "文本对齐问题表明系统未提供像其他设计软件中一样的标准的布局控制。",
          "tag": [1],
          "second_tag": {
            "1": [1]
          },
          "user_said": "然后它这个文字编辑的时候有一个问题，就是它没有办法对齐。",
          "reason": "用户在文本对齐方面遇到问题，属于设计软件中预期的文本编辑功能。"
        },
        {
          "id": 8,
          "status": 0,
          "time": 743,
          "description": "文本对齐工具不直观，对齐按钮的行为不可预测。",
          "tag": [4],
          "second_tag": {
            "4": [2]
          },
          "user_said": "Ok然后它这个左右对齐很不科学，它是点同一个按钮，然后点一下变成左对齐，然后点一下变成右对齐，然后点一下变成居中。",
          "reason": "文本对齐工具未按预期工作，其功能不清晰，表明工具功能可见性方面的UI问题。"
        },
        {
          "id": 9,
          "status": 0,
          "time": 790,
          "description": "用户对撤销功能的工作方式感到惊讶，意味着它未达到标准预期。",
          "tag": [2],
          "second_tag": {
            "2": [2]
          },
          "user_said": "What！它好像跟一般设计软件的Undo和那个不太一样。",
          "reason": "撤销功能的意外行为意味着缺乏反馈或标准功能，导致混淆。"
        },
        {
          "id": 10,
          "status": 0,
          "time": 817,
          "description": "功能性问题",
          "second_tag": {
            "1": [1]
          },
          "user_said": "Ok然后我现在发现它这个文本框是直接可以拉伸调整字的大小我觉得很离谱。",
          "reason": "对调整文本大小的方法感到惊讶表明文本编辑功能中存在问题。"
        },
        {
          "id": 11,
          "status": 0,
          "time": 919,
          "description": "对文本大小一致性感到困惑，文本框调整不清晰。",
          "tag": [4],
          "second_tag": {
            "4": [2]
          },
          "user_said": "我可以加一个分类，比如说，Time。What！字大小不统一。",
          "reason": "对文本大小一致性和调整的困惑表明文本编辑工具的可见性和可用性存在问题。"
        },
        {
          "id": 12,
          "status": 0,
          "time": 941,
          "description": "用户难以理解文本框调整的使用方式。",
          "tag": [3],
          "second_tag": {
            "3": [1]
          },
          "user_said": "然后它这个文本框的调节我现在还没有看懂。",
          "reason": "难以理解文本框调整方式表明文本格式调整过程缺乏清晰度。"
        },
        {
          "id": 13,
          "status": 0,
          "time": 1037,
          "description": "用户尝试添加颜色元素和控制排版，这表明系统可能未为专家用户提供高效的工具或快捷方式来加速交互。",
          "tag": [8],
          "second_tag": {
            "8": [2]
          },
          "user_said": "然后我准备再加一些彩色的元素。我尽量把，我想的是尽量把它控制在两个字体，然后所以于是我直接粘贴了on-campus party。然后我想把它变成红色。我可能取糖果上面的红色。然后。",
          "reason": "用户试图控制排版和添加颜色元素表明对美学定制灵活性的需求。"
        },
        {
          "id": 14,
          "status": 0,
          "time": 1098,
          "description": "用户注意到一边有一个预生成的设计并决定使用它，表明相比从头开始创建更倾向于使用模板。",
          "tag": [4],
          "second_tag": {
            "4": [3]
          },
          "user_said": "唔！我刚刚看到侧面有一个它自己生成，我觉得，我觉得很好看。然后。我决定直接用它生成。",
          "reason": "倾向于使用预生成的设计而不是从头开始创建表明对创作过程的不满意度。"
        },
        {
          "id": 15,
          "status": 0,
          "time": 1163,
          "description": "用户发现所选模板不够智能，无法适应他们想要进行的更改。",
          "tag": [8],
          "second_tag": {
            "8": [1]
          },
          "user_said": "然后因为我选了模板，它不够智能。刚刚被我分了两排的dress code我要把它变成一排。",
          "reason": "用户发现模板无法智能地适应他们的更改，表明布局和设计适应性方面的问题。"
        }
      ]
    }
  },
  {
    "P5": {
      "gender": "女",
      "name": "ZZY",
      "year": "24",
      "info": [
        {
          "id": 1,
          "status": 0,
          "time": 0,
          "description": "用户寻找如何使用系统的指导，但只找到了一个一般性的介绍。缺乏有效使用系统的教学支持。",
          "tag": [7],
          "second_tag": {
            "7": [1]
          },
          "user_said": "我现在先看一下这个问号上面写的是什么。就是一些generally的介绍，我本来以为会有一些教一下有什么好的策略来用这个之类的。",
          "reason": "用户寻找如何使用系统的指导，表明需要更好的教学支持。"
        },
        {
          "id": 2,
          "status": 0,
          "time": 35,
          "description": "用户不确定他们是否可以一次性创建完整的海报，或者是否需要逐步构建（首先是背景，然后是元素）。",
          "tag": [3],
          "second_tag": {
            "3": [1]
          },
          "user_said": "所以我还是先自己创造一下，我想先创造，如果按理说先创造应该是先弄一个背景出来，因为我现在不是很确定它直接画出来的这个东西，它能不能一下就画出来，还是我应该像传统的平面设计要先搞选一个背景出来，比如说一个渐变的什么红绿的背景，然后再选两个元素放上去，我现在不是很确定。",
          "reason": "用户对创建海报的过程表示不确定，表明在必要步骤上缺乏清晰度。"
        },
        {
          "id": 3,
          "status": 0,
          "time": 114,
          "description": "AI理解和生成",
          "second_tag": {
            "9": [1]
          },
          "user_said": "现在出来一些结果，这怎么还有一个刚才看到的这个。不是很知道为什么，但感觉这些图跟我想象的非常的不一样，感觉跟我输入的没有什么关系。但我觉得这，但我觉得这个图还可以。但跟我想象中差的有点远，但是这个图上，但它每个上面还有一个字，这个是我没想到，没想到它能帮我弄了一句邀请。",
          "reason": "基于提供的描述，生成的图像不符合用户的期望，表明AI解释提示时存在问题。"
        },
        {
          "id": 4,
          "status": 0,
          "time": 166,
          "description": "用户提到生成时间感觉很长，并觉得界面上展示的图像和生成过程不相关。",
          "tag": [5],
          "second_tag": {
            "5": [1]
          },
          "user_said": "他这个时间确实有点长感觉。不知道它可不可以稍微少弄一点图展示在这儿，它后面的那图都没啥用了。",
          "reason": "用户发现图像生成时间长且展示图像不相关，这与系统速度和响应性有关。"
        },
        {
          "id": 5,
          "status": 0,
          "time": 219,
          "description": "用户不确定是否可以添加一个与海报现有风格相匹配的雪人，对添加与设计风格一致的元素感到不确定。",
          "tag": [9],
          "second_tag": {
            "9": [2]
          },
          "user_said": "因为上面只有雪人没有，只有圣诞树，没有雪人，所以不知道可不可以加一个雪人，但是我现在就担心，如果加一个雪人的话，它跟这个图的风格并不一致。因为，很有可能它出来是一个卡通风格的雪人，但这个画它明显是有着自己的那种几何图形的那种风格的，所以我不是很确定。",
          "reason": "用户担心添加的元素（雪人）可能不符合现有设计的风格，这涉及到AI整合和维持风格一致性的能力。"
        },
        {
          "id": 6,
          "status": 0,
          "time": 275,
          "description": "用户难以为雪人找到匹配的风格，并不确定如何描述风格以进行搜索。",
          "tag": [4],
          "second_tag": {
            "4": [2]
          },
          "user_said": "一些，还是有一些卡通的雪人，还有一些并不是很相关的东西，不知道是咋回事。那我就不要选什么了，如果风格不搭的话，一看就是两个东西，就不太合适了。",
          "reason": "用户难以找到匹配风格的雪人，表明设计选项的可见性和可访问性存在问题。"
        },
        {
          "id": 7,
          "status": 0,
          "time": 341,
          "description": "用户意识到设计布局没有留出空间来添加圣诞派对的活动列表，不灵活的设计布局未能容纳所有所需信息。",
          "tag": [8],
          "second_tag": {
            "8": [1]
          },
          "user_said": "但这个排布跟我想象的不一样了，就没有地方添加活动了。感觉这个树中间都是有棱。",
          "reason": "用户找不到空间添加额外活动，表明设计布局缺乏适应性。"
        },
        {
          "id": 8,
          "status": 0,
          "time": 496,
          "description": "用户觉得需要在海报中添加一个雪人图像，因为它被提及为活动之一，但不确定它是否会在风格上适合。",
          "tag": [9],
          "second_tag": {
            "9": [3]
          },
          "user_said": "说到这我觉得还是需要有一个雪人的图片的，但是如果它是其中一个活动的话就不需要非常风格一致。",
          "reason": "用户考虑添加一个与活动相关的图像（雪人），但不确定风格的一致性，表明与AI生成元素匹配所需风格存在问题。"
        },
        {
          "id": 9,
          "status": 0,
          "time": 513,
          "description": "用户对图像的长宽比感到困惑，不确定为什么它是正方形的。",
          "tag": [4],
          "second_tag": {
            "4": [2]
          },
          "user_said": "不知道这个有没有办法能把这个都画了，这个图片尺寸给他弄成一个宽的，不知道它为什么是一个正方形。",
          "reason": "用户对长宽比选项感到困惑，表明这些选项不是可见或直观的。"
        },
        {
          "id": 10,
          "status": 0,
          "time": 585,
          "description": "用户难以找到一个与海报风格匹配的小雪人元素。",
          "tag": [4],
          "second_tag": {
            "1": [4]
          },
          "user_said": "看下结果，这种snowman，这样的画都有一点太完整了，就不是小元素的那种感觉。应该怎么搜这个东西呢？",
          "reason": "难以找到符合海报风格的小雪人元素表明特定设计资产可用性存在问题。"
        },
        {
          "id": 11,
          "status": 0,
          "time": 615,
          "description": "用户在尝试添加雪人图形时不小心选择了错误的功能，这可能表明界面没有清晰区分不同的操作。",
          "tag": [4],
          "second_tag": {
            "4": [1]
          },
          "user_said": "哦，是不是应该点generate？我点错了吧！Snowman。",
          "reason": "用户由于界面设计不清晰而选择了错误的功能，这表明界面没有清楚地区分不同的操作。"
        },
        {
          "id": 12,
          "status": 0,
          "time": 667,
          "description": "调整雪人的颜色以匹配设计的色彩方案有困难。",
          "tag": [8],
          "second_tag": {
            "8": [2]
          },
          "user_said": "但这好像有点太绿了，但这个它的这个几何的样子我觉得还可以，因为和这个树是一个风格的，但我想把它的背景抠下。",
          "reason": "调整雪人的颜色以匹配设计方案的困难表明美学定制存在问题。"
        }
      ]
    }
  },
  {
    "P6": {
      "gender": "男",
      "name": "WZY",
      "year": "25",
      "info": [
        {
          "id": 1,
          "status": 0,
          "time": 77,
          "description": "用户指出系统响应缓慢。",
          "tag": [5],
          "second_tag": {
            "5": [1]
          },
          "user_said": "它确实有点慢。",
          "reason": "用户注意到系统运行缓慢，这直接影响到软件的响应速度和性能。"
        },
        {
          "id": 2,
          "status": 0,
          "time": 82,
          "description": "系统未能识别用户提到的特定元素。",
          "tag": [9],
          "second_tag": {
            "9": [1]
          },
          "user_said": "哦，它只能识别。只能识别整个的一些元素，但是像这种具体的它应该不行。所以我看一下这个。",
          "reason": "AI未能识别并响应用户提示中的特定元素，表明AI解释方面存在问题。"
        },
        {
          "id": 3,
          "status": 0,
          "time": 93,
          "description": "用户发现建议对于他们实现具体目标（涉及在海报中添加详细信息）不实用。",
          "tag": [7],
          "second_tag": {
            "7": [2]
          },
          "user_said": "但我觉得这个suggestion并没有好用。因为我其实想表达的这个time, activities, 在poster里面它其实是一些信息的元素。",
          "reason": "用户在尝试在海报中加入详细信息时，发现建议不实用，表明需要更好的辅助功能来帮助完成详细任务。"
        },
        {
          "id": 4,
          "status": 0,
          "time": 181,
          "description": "用户质疑系统未能理解自己的输入是否是自己的错。",
          "tag": [9],
          "second_tag": {
            "9": [1]
          },
          "user_said": "诶，他为什么没有理解我的话，是我的问题吗？",
          "reason": "用户因AI未能理解其输入而质疑自己，这暗示了AI对用户语言的解释存在问题。"
        },
        {
          "id": 5,
          "status": 0,
          "time": 341,
          "description": "对为何元素是动画的形式而且没有提供此功能信息感到困惑。",
          "tag": [4],
          "second_tag": {
            "4": [2]
          },
          "user_said": "那这个为什么是一个动画？我原来他没有告诉我这这为什么是个动画？我觉得很奇怪，因为我不想一个动画，但它却确实是个动画。",
          "reason": "参与者对动画功能感到困惑，表明工具选项的可见性或理解度不足。"
        },
        {
          "id": 6,
          "status": 0,
          "time": 350,
          "description": "用户难以找到退出不需要功能的方法。",
          "tag": [3],
          "second_tag": {
            "3": [1]
          },
          "user_said": "怎么退出哇，好像不好退出哇，好烦。感觉点进来之后就不知道从哪点点出去了。然后就。",
          "reason": "退出功能的困难表明了在理解导航或工作流程上存在问题。"
        },
        {
          "id": 7,
          "status": 0,
          "time": 374,
          "description": "用户无法按预期更改元素的大小。",
          "tag": [1],
          "second_tag": {
            "1": [2]
          },
          "user_said": "这个size怎么动，这个size怎么也不能动？",
          "reason": "无法调整元素大小直接关系到图像编辑的功能性。"
        },
        {
          "id": 8,
          "status": 0,
          "time": 433,
          "description": "用户在调整图像属性（除了滤镜外）时遇到困难，并发现工具不直观。",
          "tag": [1],
          "second_tag": {
            "1": [2]
          },
          "user_said": "我去调一下这个，还挺还挺麻烦的实话说，我觉得还不如我自己做呢。没有去调图片的其他能力，它只是调一调这个滤镜。",
          "reason": "用户在调整图像属性时遇到困难，指向图像编辑功能的问题。"
        },
        {
          "id": 9,
          "status": 0,
          "time": 469,
          "description": "在去除图像背景后，选择框仍然保持原始大小，排列元素时造成困难。",
          "tag": [4],
          "second_tag": {
            "4": [1]
          },
          "user_said": "而且它这个去掉这个background之后。它整个的选的这个框又是这个size的。其实很麻烦的对我来说，这个我觉得很多设计软件都有这个弊病。就导致我最后他很有可能会跟我之前的文案进行重叠。然后选择的时候就会很难受，可能会选到另一张图上。",
          "reason": "去除背景后，选择框未进行调整，排列元素时造成困难，显示出元素选择和操作上的问题。"
        },
        {
          "id": 10,
          "status": 0,
          "time": 539,
          "description": "在选择和编辑元素时难以避免误选其他元素。",
          "tag": [4],
          "second_tag": {
            "4": [1]
          },
          "user_said": "排一下。你看这种就容易选到这上面就很烦，我觉得这个设计挺不爽的，这个remove background。Activities, gift sharing, singing。",
          "reason": "误选未预期元素的问题关联到用户界面在促进元素选择方面的效率。"
        },
        {
          "id": 11,
          "status": 0,
          "time": 582,
          "description": "用户在使用文本工具时遇到困难，因为它不会默认选择首选字体。",
          "tag": [1],
          "second_tag": {
            "1": [1]
          },
          "user_said": "这个也不是很舒服。就是为什么，我觉得这个字体很好，但是我每次点到上面这个字体的时候，它就不能默认到我觉得很好的这个字体。",
          "reason": "文本工具未保留首选选择的问题涉及到文本编辑功能。"
        },
        {
          "id": 12,
          "status": 0,
          "time": 677,
          "description": "对如何修改元素感到困惑，表明缺乏清晰直观的界面。",
          "tag": [3],
          "second_tag": {
            "3": [1]
          },
          "user_said": "你是从哪儿生出来的？怎么去修改它？我忘了。怎么修改呀？",
          "reason": "对元素修改的困惑暗示了应用程序内流程缺乏清晰性。"
        },
        {
          "id": 13,
          "status": 0,
          "time": 795,
          "description": "用户对元素的低分辨率以及无法改变某些设计方面感到沮丧。",
          "tag": [1],
          "second_tag": {
            "1": [2]
          },
          "user_said": "这边还有这个试一下行不行。我感觉也不行，他这个分辨率都好低，看的我好难受。",
          "reason": "对元素质量和有限编辑选项的沮丧与图像编辑的核心功能性相关。"
        },
        {
          "id": 14,
          "status": 0,
          "time": 820,
          "description": "用户觉得系统不够用户友好，害怕在导航过程中丢失自己之前的设计。",
          "tag": [4],
          "second_tag": {
            "4": [3]
          },
          "user_said": "还行吧，但也不是特别好用。我感觉这个这个背景之后没有想。因为我感觉我我不知道从哪点可以回去，然后反而我害怕这个我现在生成的又重新输一遍。这个这个这个不对，那就是有问题。Ok。",
          "reason": "由于导航路径不清晰，担心丢失之前设计的问题指向了更广泛的用户满意度和体验问题。"
        }
      ]
    }
  },
  {
    "P7": {
      "gender": "男",
      "name": "LJW",
      "year": "21",
      "info": [
        {
          "id": 1,
          "status": 0,
          "time": 286,
          "description": "用户质疑系统是否能接受他们较长的输入。",
          "tag": [3],
          "second_tag": {
            "3": [1]
          },
          "user_said": "这么长的prompt可以接收进去吗？",
          "reason": "用户不确定系统如何处理较长的输入，这表明输入过程缺乏清晰性。"
        },
        {
          "id": 2,
          "status": 0,
          "time": 320,
          "description": "用户指出“Happy Christmas”主题没有如他们所希望的放在海报顶部。",
          "tag": [9],
          "second_tag": {
            "9": [1]
          },
          "user_said": "它这个生成的海报”Happy Christmas”没有放在这里，想的是放在海报的上方。",
          "reason": "AI未能将文本放置在用户期望的位置，表明对用户提示的误解。"
        },
        {
          "id": 3,
          "status": 0,
          "time": 370,
          "description": "用户注意到系统生成的图像多样化，并没有一致地将主题放在海报的顶部，质疑系统对提示的理解是否受到语言问题的影响。",
          "tag": [9],
          "second_tag": {
            "9": [1]
          },
          "user_said": "但是觉得这个prompt语义的理解还是没有到位，比如说它每一张图生成的都不太一样，有一些比较关键的地方，比如说要把这个海报的主题放到最上面，像它有些放在了上面，但大部分都是放在了下面，不知道是不是中英文的原因。但如果是中文prompt的话，感觉不太，可能需要做一些更多的调整。",
          "reason": "这个问题直接关联到AI对用户指令的解释，尤其是关于不同语言下主题位置的理解。"
        },
        {
          "id": 4,
          "status": 0,
          "time": 439,
          "description": "用户需要手动调整AI生成的输出。",
          "tag": [8],
          "second_tag": {
            "8": [1]
          },
          "user_said": "修改一下。",
          "reason": "用户需要手动调整AI输出，暗示在自定义布局和设计方面存在困难。"
        },
        {
          "id": 5,
          "status": 0,
          "time": 516,
          "description": "用户多次重复“时间”一词，表明在添加或编辑圣诞派对的时间上有困难。",
          "tag": [7],
          "second_tag": {
            "7": [2]
          },
          "user_said": "时间，圣诞节是？",
          "reason": "用户似乎在添加特定细节时遇到困难，这暗示了需要更好的辅助功能或文档。"
        },
        {
          "id": 6,
          "status": 0,
          "time": 609,
          "description": "用户多次更改字体，表明在寻找或应用期望的字体上可能存在问题。",
          "tag": [1],
          "second_tag": {
            "1": [1]
          },
          "user_said": "我把这个字体换一下。",
          "reason": "这反映了文本编辑功能方面的困难，特别是在选择和应用字体方面。"
        },
        {
          "id": 7,
          "status": 0,
          "time": 670,
          "description": "用户对如何使用色盘感到困惑。",
          "tag": [4],
          "second_tag": {
            "4": [2]
          },
          "user_said": "这个色盘是怎么用？",
          "reason": "如果色盘的使用不直观，这表明用户界面内工具的可见性和易发现性存在问题。"
        }
      ]
    }
  },
  {
    "P8": {
      "gender": "女",
      "name": "LSJ",
      "year": "27",
      "info": [
        {
          "id": 1,
          "status": 0,
          "time": 10,
          "description": "用户在阐述目标后花了一些时间才找到用于生成圣诞海报的功能，可能表明存在可发现性问题。",
          "tag": [3],
          "second_tag": {
            "3": [1]
          },
          "user_said": "Christmas poster。Generate。",
          "reason": "用户在定位’生成’功能上遇到困难，表明过程清晰度不足。"
        },
        {
          "id": 2,
          "status": 0,
          "time": 52,
          "description": "用户选择了一个简单的设计，但可能表明缺乏多样性或难以找到适合圣诞海报的复杂或更装饰性的模板。",
          "tag": [1],
          "second_tag": {
            "1": [4]
          },
          "user_said": "这里的可能比刚才的更适合，更适合用在poster里面。我要选这个，简简单单。",
          "reason": "用户选择简单设计可能暗示缺乏满足其对复杂性或装饰性需求的可用资产。"
        },
        {
          "id": 3,
          "status": 0,
          "time": 104,
          "description": "用户在寻找要添加的图片时可能遇到困难，或不确定是否可以添加图片，表明可能存在可见性或直观导航的缺失。",
          "tag": [1],
          "second_tag": {
            "1": [2]
          },
          "user_said": "我先看看有没有能加的，能加的图片。",
          "reason": "用户在寻找或添加图片时的不确定性表明图像编辑功能方面存在挑战。"
        },
        {
          "id": 4,
          "status": 0,
          "time": 212,
          "description": "用户希望增大字体大小，改变颜色，并使其加粗，这可能表明在使用文本编辑工具方面缺乏清晰度或存在困难。",
          "tag": [1],
          "second_tag": {
            "1": [1]
          },
          "user_said": "要不要大一点再换个颜色呢？",
          "reason": "用户需要改变字体大小、颜色和样式，表明在使用文本编辑工具方面存在困难。"
        },
        {
          "id": 5,
          "status": 0,
          "time": 295,
          "description": "用户指出一些图片太过逼真，可能与海报所需风格不匹配。",
          "tag": [9],
          "second_tag": {
            "9": [3]
          },
          "user_said": "有一些图片都很写实，好像不太适合。",
          "reason": "用户对图片过于逼真不符合所需风格的评论表明AI生成内容与海报主题匹配方面存在问题。"
        },
        {
          "id": 6,
          "status": 0,
          "time": 396,
          "description": "用户似乎在寻找多样化的图片以加入海报时遇到困难，最终选择了铃铛，因为没有太多选项。",
          "tag": [1],
          "second_tag": {
            "1": [4]
          },
          "user_said": "好像图也不是那么的多，那就挂几个铃铛吧。",
          "reason": "在寻找多样化图片上的困难指向了内容资产可用性的问题。"
        },
        {
          "id": 7,
          "status": 0,
          "time": 460,
          "description": "用户添加了宣传语言和派对详情，这可能表明模板没有提示或提供重要活动信息的部分。",
          "tag": [7],
          "second_tag": {
            "7": [2]
          },
          "user_said": "We prepare special dishes and drinks to celebrate Jesus’s birthday. 再加一句What a wonderful day。",
          "reason": "手动添加宣传语言可能表明模板没有引导包含此类活动细节。"
        },
        {
          "id": 8,
          "status": 0,
          "time": 584,
          "description": "用户需要在设计中明确活动的时间和地点，这可能需要多个步骤或并不直接明了。",
          "tag": [3],
          "second_tag": {
            "3": [1]
          },
          "user_said": "加上时间地点。那么我们就让时间是圣诞节的前一天，是24号，周日。",
          "reason": "手动输入时间和地点的需求表明添加活动细节的过程缺乏清晰度。"
        },
        {
          "id": 9,
          "status": 0,
          "time": 706,
          "description": "用户需要调整文本的位置，这表明界面可能不是直观的或易于调整的。",
          "tag": [4],
          "second_tag": {
            "4": [1]
          },
          "user_said": "感觉这个可以往下移一点。",
          "reason": "调整文本位置可能表明在选择和操作文本元素方面存在困难。"
        },
        {
          "id": 10,
          "status": 0,
          "time": 732,
          "description": "用户决定更换图片，可能表明对最初选择的不满意或与海报主题不匹配。",
          "tag": [9],
          "second_tag": {
            "9": [2]
          },
          "user_said": "换一个圣诞老人和小鹿吧，不要这个。",
          "reason": "对最初选择的不满意后更换图片可能是由于AI整合和一致性方面的问题。"
        }
      ]
    }
  },
  {
    "P9": {
      "gender": "女",
      "name": "WXY",
      "year": "28",
      "info": [
        {
          "id": 1,
          "status": 0,
          "time": 24,
          "description": "用户尝试上传草稿时遇到问题或延迟，显示为“正在加载中”。",
          "tag": [5],
          "second_tag": {
            "5": [1]
          },
          "user_said": "诶，add media. 但我要怎么传？让我来试一下。然后add，我先把这个传到电脑上，你的电脑允不允许我air drop呢？要微信，好吧，我登你的微信。正在加载中。",
          "reason": "用户在尝试上传草稿时遇到延迟，这属于系统速度问题。"
        },
        {
          "id": 2,
          "status": 0,
          "time": 112,
          "description": "在上传图片后是否需要添加描述的理解上遇到困难。",
          "tag": [4],
          "second_tag": {
            "4": [2]
          },
          "user_said": "然后呢，我就把这个上传上来。",
          "reason": "用户不确定上传后是否需要添加描述，这表明用户界面关于后续步骤或可用选项的清晰度不足。"
        },
        {
          "id": 3,
          "status": 0,
          "time": 236,
          "description": "AI理解和生成",
          "second_tag": {
            "9": [1]
          },
          "user_said": "哇，他给我生成了好没用的东西。我想要它基于我的草稿来做，结果它把我的草稿当做了客厅里的挂纸。",
          "reason": "AI生成了无关内容，表明其对用户提示的解释存在问题。"
        },
        {
          "id": 4,
          "status": 0,
          "time": 372,
          "description": "用户发现媒体似乎对生成内容没有帮助。",
          "tag": [1],
          "second_tag": {
            "1": [3]
          },
          "user_said": "原来media是没有用的啊。",
          "reason": "用户认为媒体上传功能不实用，这暗示功能性存在缺口。"
        },
        {
          "id": 5,
          "status": 0,
          "time": 387,
          "description": "用户收到一条关于触发指南的信息，但没有说明触发的具体信息。",
          "tag": [2],
          "second_tag": {
            "2": [1]
          },
          "user_said": "他说不能被generate因为有些东西，may have triggered this guideline，please change. 为什么呢？",
          "reason": "用户收到关于触发指南的不清晰错误信息，表明错误信息的清晰度存在问题。"
        },
        {
          "id": 6,
          "status": 0,
          "time": 454,
          "description": "用户在遇到问题后决定删除媒体，暗示缺乏用户控制或自由。",
          "tag": [4],
          "second_tag": {
            "4": [3]
          },
          "user_said": "好的，我现在的决定是删掉这个Media。然后，我现在设置一下...",
          "reason": "决定删除媒体反映了对工具能力或输出的不满意。"
        },
        {
          "id": 7,
          "status": 0,
          "time": 486,
          "description": "用户期望AI根据草图生成内容，但未达到期望，导致用户评论工具为“垃圾”。",
          "tag": [9],
          "second_tag": {
            "9": [1]
          },
          "user_said": "按道理来说我给他一个草图的话，那个GPT都会能够根据我的草图生成东西，但是这个就不行，垃圾，垃圾工具。",
          "reason": "工具未达到用户对AI能力的期望，突出了AI解释方面的问题。"
        },
        {
          "id": 8,
          "status": 0,
          "time": 649,
          "description": "在让系统理解设计中的左右概念上遇到困难。",
          "tag": [9],
          "second_tag": {
            "9": [1]
          },
          "user_said": "但是呢，他好像是有点难以理解左和右这个概念是不是，怎么给我做出了PPT封面呢？",
          "reason": "系统在处理左右等空间概念时遇到困难，这是AI解释用户提示的问题。"
        },
        {
          "id": 9,
          "status": 0,
          "time": 680,
          "description": "系统多次生成相同结果，表明在生成中缺乏智能变化。",
          "tag": [9],
          "second_tag": {
            "9": [3]
          },
          "user_said": "再生成一次。我觉得它不是很智能，它好像乱拼东西，并不是完全自己生成。Ok。",
          "reason": "AI多次生成相同结果，表明存在变化和风格匹配方面的问题。"
        },
        {
          "id": 10,
          "status": 0,
          "time": 708,
          "description": "用户对生成的元素感到满意，但无法按照预期进行定制，特别是关于位置（左右两侧）。",
          "tag": [8],
          "second_tag": {
            "8": [1]
          },
          "user_said": "这个很对，对的是不是就可以对他进行更多更改，可以，开始改吧。但是我本来想要那个在左边这个在右边。",
          "reason": "用户无法定制生成元素的位置，表明布局适应性不足。"
        },
        {
          "id": 11,
          "status": 0,
          "time": 728,
          "description": "用户对哪些功能由AI驱动以及如何使用它们感到不确定。",
          "tag": [4],
          "second_tag": {
            "4": [2]
          },
          "user_said": "行这样左右颠倒也没什么问题，那我现在要多用一些它的AI功能的话，哪些是AI功能呢？这些都不是哇，这些是推荐功能，哇，好多闪闪的。",
          "reason": "用户不确定哪些功能由AI驱动，表明存在选项的可见性问题。"
        },
        {
          "id": 12,
          "status": 0,
          "time": 770,
          "description": "用户在寻找AI功能时找不到它们，表达了AI功能可见性不足的问题。",
          "tag": [4],
          "second_tag": {
            "4": [2]
          },
          "user_said": "吓死我了，还可以redo。那我要去改一下它的文字，可是这个页面哪里有AI功能？我要多用AI功能，嗯...没有AI功能。",
          "reason": "寻找AI功能的困难指向了这些选项的可见性问题。"
        },
        {
          "id": 13,
          "status": 0,
          "time": 867,
          "description": "在找出如何让海报具有“闪亮”或“blingbling”效果上遇到困难。",
          "tag": [8],
          "second_tag": {
            "8": [2]
          },
          "user_said": "怎么样给它变得亮晶晶呢？我真的很想了解。",
          "reason": "用户难以弄清楚如何让设计闪亮，表明美学定制能力存在问题。"
        },
        {
          "id": 14,
          "status": 0,
          "time": 1060,
          "description": "功能性问题",
          "second_tag": {
            "1": [1]
          },
          "user_said": "那我现在的目标就是改行间距，但是改不了行间距，那改不了行间距的话呢，我就决定复制粘贴很多个版本，这样就不用改行间距。",
          "reason": "用户无法调整行间距，这是文本编辑功能的一个具体问题。"
        },
        {
          "id": 15,
          "status": 0,
          "time": 1118,
          "description": "用户对如何编排海报上的日期和时间的格式感到不确定。",
          "tag": [7],
          "second_tag": {
            "7": [2]
          },
          "user_said": "接下来写日期了。日期是用这个格式写。",
          "reason": "对日期和时间的格式的不确定性表明需要更好的辅助功能或文档。"
        },
        {
          "id": 16,
          "status": 0,
          "time": 1218,
          "description": "用户对某些设计元素的功能以及如何实现特定视觉效果感到困惑，表明界面缺乏清晰度。",
          "tag": [4],
          "second_tag": {
            "4": [1]
          },
          "user_said": "那这个是什么呢？诶，什么意思？色块吗？",
          "reason": "用户对设计元素的用途感到困惑，表明在选择和理解用户界面元素方面存在问题。"
        },
        {
          "id": 17,
          "status": 0,
          "time": 1312,
          "description": "用户对“移除背景”功能印象深刻，但发现结果有些出乎意料，表明该功能效果可能没有很好地传达给用户。",
          "tag": [1],
          "second_tag": {
            "1": [2]
          },
          "user_said": "Sparkle，来一个。 这个怎么叠呢？要把它的背景给去掉，Remove background，有个干扰者，哇，我要拍照。",
          "reason": "“移除背景”功能产生意外结果，指向图像编辑问题。"
        }
      ]
    }
  },
  {
    "P10": {
      "gender": "男",
      "name": "XZY",
      "year": "24",
      "info": [
        {
          "id": 1,
          "status": 0,
          "time": 179,
          "description": "用户注意到他们的期望与生成的输出之间存在差异，这表明用户期望与系统输出可能不匹配。",
          "tag": [9],
          "second_tag": {
            "9": [1]
          },
          "user_said": "看到他生成的这些跟我的想象还是有一些差距的。",
          "reason": "问题在于AI对给定提示的理解与生成的输出不符合用户的期望。"
        },
        {
          "id": 2,
          "status": 0,
          "time": 188,
          "description": "用户表示需要一个功能来调整现有海报模板，而不是从头开始生成，这个功能似乎缺失。",
          "tag": [8],
          "second_tag": {
            "8": [3]
          },
          "user_said": "但是这个具体要怎么改，就是我现在看到的这些就是它生成的首先他的风格也很不一样，然后如果说有一个功能可以指定一个poster，然后就是在这个指定的poster的基础上去改一些小的东西会比较好，但看起来他现在没有这个功能。",
          "reason": "用户正在寻找更多灵活性来根据自己的需求定制和调整现有模板，但目前并未提供此功能。"
        },
        {
          "id": 3,
          "status": 0,
          "time": 253,
          "description": "用户在提示中指定了标题和布局，但生成的设计没有反映这些细节。",
          "tag": [9],
          "second_tag": {
            "9": [1]
          },
          "user_said": "那这个就很有点奇怪，因为我其实在prompt里面就是已经specify了它的title以及他的一些layout的部分，比如说时间和地点，但是它并没有就是显示出来这样的内容。",
          "reason": "AI未能正确解释有关标题和布局的详细提示，导致生成的设计不符合指定要求。"
        },
        {
          "id": 4,
          "status": 0,
          "time": 299,
          "description": "用户不得不手动调整标题并添加时间和地点信息，这些信息并未自动包含在设计中。",
          "tag": [1],
          "second_tag": {
            "1": [1]
          },
          "user_said": "Customize的时候首先先调整一下它的title，就是我一开始在title的prompt里面写的是christmas party，但是他给我的回复是christmas party poster，所以应该把这个poster给删掉。",
          "reason": "用户不得不手动输入和调整文本格式，这表明功能性问题，即AI未能自动包含关键的文本元素。"
        },
        {
          "id": 5,
          "status": 0,
          "time": 458,
          "description": "用户似乎在寻找和使用可定制的设计组件方面遇到困难。",
          "tag": [4],
          "second_tag": {
            "4": [1]
          },
          "user_said": "那这个时候我可能就需要他，当他已经生成了这些东西之后，如果他有一个具体的customize的component会比较好，就像之前如果说用PS作图，那可能大家就会在网上找一些那种component，比如说在这个里面它有一个，有一个这样的tag，但是这样不太好描述。",
          "reason": "用户在寻找和使用可定制组件时遇到困难，表明在有效选择和操作设计元素方面存在问题。"
        },
        {
          "id": 6,
          "status": 0,
          "time": 510,
          "description": "用户尝试生成标签，但发现结果不令人满意，且并不特别有用。标签生成功能未满足用户需求和期望。",
          "tag": [1],
          "second_tag": {
            "1": [4]
          },
          "user_said": "嗯，它能生成一些，但是也不是特别像，感觉没什么用。",
          "reason": "用户尝试生成标签的结果不令人满意，这表明系统提供的资产在可用性或质量上存在缺陷。"
        },
        {
          "id": 7,
          "status": 0,
          "time": 574,
          "description": "用户完成了任务，但似乎感觉所提供的工具并不完全有用或未能满足需求。",
          "tag": [4],
          "second_tag": {
            "4": [3]
          },
          "user_said": "感觉就完成了。",
          "reason": "整体情绪表明用户对工具的能力不满意，这是一个更整体的用户体验问题。"
        }
      ]
    }
  }
]
